Australia and Oceania,South America,North America,Europe,Asia,Africa
Australia,Argentina,Canada,Austria,Asia Pacific,Africa
New Zealand,Brazil,Mexico,Belarus,Azerbaijan,Algeria
,Chile,Trinidad and Tobago,Belgium,Bangladesh,Eastern Africa
,Colombia,United States,Bulgaria,China,Egypt
,Ecuador,,CIS,,Middle Africa
,Peru,,Croatia,Cyprus,Morocco
,Venezuela,,Czechia,Hong Kong,South Africa
,,,Denmark,India,Western Africa
,,,Estonia,Indonesia,
,,,Europe,Iran,
,,,European Union (27),Iraq,
,,,Finland,Israel,
,,,France,Japan,
,,,Germany,Kazakhstan,
,,,Greece,Kuwait,
,,,Hungary,Malaysia,
,,,Iceland,Middle East,
,,,Ireland,Oman,
,,,Italy,Pakistan,
,,,Latvia,Philippines,
,,,Lithuania,Qatar,
,,,Luxembourg,Russia,
,,,Netherlands,Saudi Arabia,
,,,North Macedonia,Singapore,
,,,Norway,South Korea,
,,,Poland,Sri Lanka,
,,,Portugal,Taiwan,
,,,Romania,Thailand,
,,,Slovakia,Turkey,
,,,Slovenia,Turkmenistan,
,,,Spain,United Arab Emirates,
,,,Sweden,Uzbekistan,
,,,Switzerland,Vietnam,
,,,Ukraine,,
,,,United Kingdom,,
